--
-- PostgreSQL database dump
--

-- Dumped from database version 16.9 (Ubuntu 16.9-0ubuntu0.24.04.1)
-- Dumped by pg_dump version 16.9 (Ubuntu 16.9-0ubuntu0.24.04.1)

SET statement_timeout = 0;
SET lock_timeout = 0;
SET idle_in_transaction_session_timeout = 0;
SET client_encoding = 'UTF8';
SET standard_conforming_strings = on;
SELECT pg_catalog.set_config('search_path', '', false);
SET check_function_bodies = false;
SET xmloption = content;
SET client_min_messages = warning;
SET row_security = off;

SET default_tablespace = '';

SET default_table_access_method = heap;

--
-- Name: auth_group; Type: TABLE; Schema: public; Owner: auto_ria
--

CREATE TABLE public.auth_group (
    id integer NOT NULL,
    name character varying(150) NOT NULL
);


ALTER TABLE public.auth_group OWNER TO auto_ria;

--
-- Name: auth_group_id_seq; Type: SEQUENCE; Schema: public; Owner: auto_ria
--

ALTER TABLE public.auth_group ALTER COLUMN id ADD GENERATED BY DEFAULT AS IDENTITY (
    SEQUENCE NAME public.auth_group_id_seq
    START WITH 1
    INCREMENT BY 1
    NO MINVALUE
    NO MAXVALUE
    CACHE 1
);


--
-- Name: auth_group_permissions; Type: TABLE; Schema: public; Owner: auto_ria
--

CREATE TABLE public.auth_group_permissions (
    id bigint NOT NULL,
    group_id integer NOT NULL,
    permission_id integer NOT NULL
);


ALTER TABLE public.auth_group_permissions OWNER TO auto_ria;

--
-- Name: auth_group_permissions_id_seq; Type: SEQUENCE; Schema: public; Owner: auto_ria
--

ALTER TABLE public.auth_group_permissions ALTER COLUMN id ADD GENERATED BY DEFAULT AS IDENTITY (
    SEQUENCE NAME public.auth_group_permissions_id_seq
    START WITH 1
    INCREMENT BY 1
    NO MINVALUE
    NO MAXVALUE
    CACHE 1
);


--
-- Name: auth_permission; Type: TABLE; Schema: public; Owner: auto_ria
--

CREATE TABLE public.auth_permission (
    id integer NOT NULL,
    name character varying(255) NOT NULL,
    content_type_id integer NOT NULL,
    codename character varying(100) NOT NULL
);


ALTER TABLE public.auth_permission OWNER TO auto_ria;

--
-- Name: auth_permission_id_seq; Type: SEQUENCE; Schema: public; Owner: auto_ria
--

ALTER TABLE public.auth_permission ALTER COLUMN id ADD GENERATED BY DEFAULT AS IDENTITY (
    SEQUENCE NAME public.auth_permission_id_seq
    START WITH 1
    INCREMENT BY 1
    NO MINVALUE
    NO MAXVALUE
    CACHE 1
);


--
-- Name: auth_user; Type: TABLE; Schema: public; Owner: auto_ria
--

CREATE TABLE public.auth_user (
    id integer NOT NULL,
    password character varying(128) NOT NULL,
    last_login timestamp with time zone,
    is_superuser boolean NOT NULL,
    username character varying(150) NOT NULL,
    first_name character varying(150) NOT NULL,
    last_name character varying(150) NOT NULL,
    email character varying(254) NOT NULL,
    is_staff boolean NOT NULL,
    is_active boolean NOT NULL,
    date_joined timestamp with time zone NOT NULL
);


ALTER TABLE public.auth_user OWNER TO auto_ria;

--
-- Name: auth_user_groups; Type: TABLE; Schema: public; Owner: auto_ria
--

CREATE TABLE public.auth_user_groups (
    id bigint NOT NULL,
    user_id integer NOT NULL,
    group_id integer NOT NULL
);


ALTER TABLE public.auth_user_groups OWNER TO auto_ria;

--
-- Name: auth_user_groups_id_seq; Type: SEQUENCE; Schema: public; Owner: auto_ria
--

ALTER TABLE public.auth_user_groups ALTER COLUMN id ADD GENERATED BY DEFAULT AS IDENTITY (
    SEQUENCE NAME public.auth_user_groups_id_seq
    START WITH 1
    INCREMENT BY 1
    NO MINVALUE
    NO MAXVALUE
    CACHE 1
);


--
-- Name: auth_user_id_seq; Type: SEQUENCE; Schema: public; Owner: auto_ria
--

ALTER TABLE public.auth_user ALTER COLUMN id ADD GENERATED BY DEFAULT AS IDENTITY (
    SEQUENCE NAME public.auth_user_id_seq
    START WITH 1
    INCREMENT BY 1
    NO MINVALUE
    NO MAXVALUE
    CACHE 1
);


--
-- Name: auth_user_user_permissions; Type: TABLE; Schema: public; Owner: auto_ria
--

CREATE TABLE public.auth_user_user_permissions (
    id bigint NOT NULL,
    user_id integer NOT NULL,
    permission_id integer NOT NULL
);


ALTER TABLE public.auth_user_user_permissions OWNER TO auto_ria;

--
-- Name: auth_user_user_permissions_id_seq; Type: SEQUENCE; Schema: public; Owner: auto_ria
--

ALTER TABLE public.auth_user_user_permissions ALTER COLUMN id ADD GENERATED BY DEFAULT AS IDENTITY (
    SEQUENCE NAME public.auth_user_user_permissions_id_seq
    START WITH 1
    INCREMENT BY 1
    NO MINVALUE
    NO MAXVALUE
    CACHE 1
);


--
-- Name: auto_auto; Type: TABLE; Schema: public; Owner: auto_ria
--

CREATE TABLE public.auto_auto (
    id bigint NOT NULL,
    url character varying(255) NOT NULL,
    title character varying(255) NOT NULL,
    price_usd integer NOT NULL,
    odometer integer NOT NULL,
    username character varying(255) NOT NULL,
    phone_number character varying(16) NOT NULL,
    image_url character varying(255) NOT NULL,
    images_count integer NOT NULL,
    car_number character varying(20) NOT NULL,
    car_vin character varying(255) NOT NULL,
    datetime_found timestamp with time zone NOT NULL
);


ALTER TABLE public.auto_auto OWNER TO auto_ria;

--
-- Name: auto_auto_id_seq; Type: SEQUENCE; Schema: public; Owner: auto_ria
--

ALTER TABLE public.auto_auto ALTER COLUMN id ADD GENERATED BY DEFAULT AS IDENTITY (
    SEQUENCE NAME public.auto_auto_id_seq
    START WITH 1
    INCREMENT BY 1
    NO MINVALUE
    NO MAXVALUE
    CACHE 1
);


--
-- Name: django_admin_log; Type: TABLE; Schema: public; Owner: auto_ria
--

CREATE TABLE public.django_admin_log (
    id integer NOT NULL,
    action_time timestamp with time zone NOT NULL,
    object_id text,
    object_repr character varying(200) NOT NULL,
    action_flag smallint NOT NULL,
    change_message text NOT NULL,
    content_type_id integer,
    user_id integer NOT NULL,
    CONSTRAINT django_admin_log_action_flag_check CHECK ((action_flag >= 0))
);


ALTER TABLE public.django_admin_log OWNER TO auto_ria;

--
-- Name: django_admin_log_id_seq; Type: SEQUENCE; Schema: public; Owner: auto_ria
--

ALTER TABLE public.django_admin_log ALTER COLUMN id ADD GENERATED BY DEFAULT AS IDENTITY (
    SEQUENCE NAME public.django_admin_log_id_seq
    START WITH 1
    INCREMENT BY 1
    NO MINVALUE
    NO MAXVALUE
    CACHE 1
);


--
-- Name: django_celery_beat_clockedschedule; Type: TABLE; Schema: public; Owner: auto_ria
--

CREATE TABLE public.django_celery_beat_clockedschedule (
    id integer NOT NULL,
    clocked_time timestamp with time zone NOT NULL
);


ALTER TABLE public.django_celery_beat_clockedschedule OWNER TO auto_ria;

--
-- Name: django_celery_beat_clockedschedule_id_seq; Type: SEQUENCE; Schema: public; Owner: auto_ria
--

ALTER TABLE public.django_celery_beat_clockedschedule ALTER COLUMN id ADD GENERATED BY DEFAULT AS IDENTITY (
    SEQUENCE NAME public.django_celery_beat_clockedschedule_id_seq
    START WITH 1
    INCREMENT BY 1
    NO MINVALUE
    NO MAXVALUE
    CACHE 1
);


--
-- Name: django_celery_beat_crontabschedule; Type: TABLE; Schema: public; Owner: auto_ria
--

CREATE TABLE public.django_celery_beat_crontabschedule (
    id integer NOT NULL,
    minute character varying(240) NOT NULL,
    hour character varying(96) NOT NULL,
    day_of_week character varying(64) NOT NULL,
    day_of_month character varying(124) NOT NULL,
    month_of_year character varying(64) NOT NULL,
    timezone character varying(63) NOT NULL
);


ALTER TABLE public.django_celery_beat_crontabschedule OWNER TO auto_ria;

--
-- Name: django_celery_beat_crontabschedule_id_seq; Type: SEQUENCE; Schema: public; Owner: auto_ria
--

ALTER TABLE public.django_celery_beat_crontabschedule ALTER COLUMN id ADD GENERATED BY DEFAULT AS IDENTITY (
    SEQUENCE NAME public.django_celery_beat_crontabschedule_id_seq
    START WITH 1
    INCREMENT BY 1
    NO MINVALUE
    NO MAXVALUE
    CACHE 1
);


--
-- Name: django_celery_beat_intervalschedule; Type: TABLE; Schema: public; Owner: auto_ria
--

CREATE TABLE public.django_celery_beat_intervalschedule (
    id integer NOT NULL,
    every integer NOT NULL,
    period character varying(24) NOT NULL
);


ALTER TABLE public.django_celery_beat_intervalschedule OWNER TO auto_ria;

--
-- Name: django_celery_beat_intervalschedule_id_seq; Type: SEQUENCE; Schema: public; Owner: auto_ria
--

ALTER TABLE public.django_celery_beat_intervalschedule ALTER COLUMN id ADD GENERATED BY DEFAULT AS IDENTITY (
    SEQUENCE NAME public.django_celery_beat_intervalschedule_id_seq
    START WITH 1
    INCREMENT BY 1
    NO MINVALUE
    NO MAXVALUE
    CACHE 1
);


--
-- Name: django_celery_beat_periodictask; Type: TABLE; Schema: public; Owner: auto_ria
--

CREATE TABLE public.django_celery_beat_periodictask (
    id integer NOT NULL,
    name character varying(200) NOT NULL,
    task character varying(200) NOT NULL,
    args text NOT NULL,
    kwargs text NOT NULL,
    queue character varying(200),
    exchange character varying(200),
    routing_key character varying(200),
    expires timestamp with time zone,
    enabled boolean NOT NULL,
    last_run_at timestamp with time zone,
    total_run_count integer NOT NULL,
    date_changed timestamp with time zone NOT NULL,
    description text NOT NULL,
    crontab_id integer,
    interval_id integer,
    solar_id integer,
    one_off boolean NOT NULL,
    start_time timestamp with time zone,
    priority integer,
    headers text NOT NULL,
    clocked_id integer,
    expire_seconds integer,
    CONSTRAINT django_celery_beat_periodictask_expire_seconds_check CHECK ((expire_seconds >= 0)),
    CONSTRAINT django_celery_beat_periodictask_priority_check CHECK ((priority >= 0)),
    CONSTRAINT django_celery_beat_periodictask_total_run_count_check CHECK ((total_run_count >= 0))
);


ALTER TABLE public.django_celery_beat_periodictask OWNER TO auto_ria;

--
-- Name: django_celery_beat_periodictask_id_seq; Type: SEQUENCE; Schema: public; Owner: auto_ria
--

ALTER TABLE public.django_celery_beat_periodictask ALTER COLUMN id ADD GENERATED BY DEFAULT AS IDENTITY (
    SEQUENCE NAME public.django_celery_beat_periodictask_id_seq
    START WITH 1
    INCREMENT BY 1
    NO MINVALUE
    NO MAXVALUE
    CACHE 1
);


--
-- Name: django_celery_beat_periodictasks; Type: TABLE; Schema: public; Owner: auto_ria
--

CREATE TABLE public.django_celery_beat_periodictasks (
    ident smallint NOT NULL,
    last_update timestamp with time zone NOT NULL
);


ALTER TABLE public.django_celery_beat_periodictasks OWNER TO auto_ria;

--
-- Name: django_celery_beat_solarschedule; Type: TABLE; Schema: public; Owner: auto_ria
--

CREATE TABLE public.django_celery_beat_solarschedule (
    id integer NOT NULL,
    event character varying(24) NOT NULL,
    latitude numeric(9,6) NOT NULL,
    longitude numeric(9,6) NOT NULL
);


ALTER TABLE public.django_celery_beat_solarschedule OWNER TO auto_ria;

--
-- Name: django_celery_beat_solarschedule_id_seq; Type: SEQUENCE; Schema: public; Owner: auto_ria
--

ALTER TABLE public.django_celery_beat_solarschedule ALTER COLUMN id ADD GENERATED BY DEFAULT AS IDENTITY (
    SEQUENCE NAME public.django_celery_beat_solarschedule_id_seq
    START WITH 1
    INCREMENT BY 1
    NO MINVALUE
    NO MAXVALUE
    CACHE 1
);


--
-- Name: django_celery_results_chordcounter; Type: TABLE; Schema: public; Owner: auto_ria
--

CREATE TABLE public.django_celery_results_chordcounter (
    id integer NOT NULL,
    group_id character varying(255) NOT NULL,
    sub_tasks text NOT NULL,
    count integer NOT NULL,
    CONSTRAINT django_celery_results_chordcounter_count_check CHECK ((count >= 0))
);


ALTER TABLE public.django_celery_results_chordcounter OWNER TO auto_ria;

--
-- Name: django_celery_results_chordcounter_id_seq; Type: SEQUENCE; Schema: public; Owner: auto_ria
--

ALTER TABLE public.django_celery_results_chordcounter ALTER COLUMN id ADD GENERATED BY DEFAULT AS IDENTITY (
    SEQUENCE NAME public.django_celery_results_chordcounter_id_seq
    START WITH 1
    INCREMENT BY 1
    NO MINVALUE
    NO MAXVALUE
    CACHE 1
);


--
-- Name: django_celery_results_groupresult; Type: TABLE; Schema: public; Owner: auto_ria
--

CREATE TABLE public.django_celery_results_groupresult (
    id integer NOT NULL,
    group_id character varying(255) NOT NULL,
    date_created timestamp with time zone NOT NULL,
    date_done timestamp with time zone NOT NULL,
    content_type character varying(128) NOT NULL,
    content_encoding character varying(64) NOT NULL,
    result text
);


ALTER TABLE public.django_celery_results_groupresult OWNER TO auto_ria;

--
-- Name: django_celery_results_groupresult_id_seq; Type: SEQUENCE; Schema: public; Owner: auto_ria
--

ALTER TABLE public.django_celery_results_groupresult ALTER COLUMN id ADD GENERATED BY DEFAULT AS IDENTITY (
    SEQUENCE NAME public.django_celery_results_groupresult_id_seq
    START WITH 1
    INCREMENT BY 1
    NO MINVALUE
    NO MAXVALUE
    CACHE 1
);


--
-- Name: django_celery_results_taskresult; Type: TABLE; Schema: public; Owner: auto_ria
--

CREATE TABLE public.django_celery_results_taskresult (
    id integer NOT NULL,
    task_id character varying(255) NOT NULL,
    status character varying(50) NOT NULL,
    content_type character varying(128) NOT NULL,
    content_encoding character varying(64) NOT NULL,
    result text,
    date_done timestamp with time zone NOT NULL,
    traceback text,
    meta text,
    task_args text,
    task_kwargs text,
    task_name character varying(255),
    worker character varying(100),
    date_created timestamp with time zone NOT NULL,
    periodic_task_name character varying(255),
    date_started timestamp with time zone
);


ALTER TABLE public.django_celery_results_taskresult OWNER TO auto_ria;

--
-- Name: django_celery_results_taskresult_id_seq; Type: SEQUENCE; Schema: public; Owner: auto_ria
--

ALTER TABLE public.django_celery_results_taskresult ALTER COLUMN id ADD GENERATED BY DEFAULT AS IDENTITY (
    SEQUENCE NAME public.django_celery_results_taskresult_id_seq
    START WITH 1
    INCREMENT BY 1
    NO MINVALUE
    NO MAXVALUE
    CACHE 1
);


--
-- Name: django_content_type; Type: TABLE; Schema: public; Owner: auto_ria
--

CREATE TABLE public.django_content_type (
    id integer NOT NULL,
    app_label character varying(100) NOT NULL,
    model character varying(100) NOT NULL
);


ALTER TABLE public.django_content_type OWNER TO auto_ria;

--
-- Name: django_content_type_id_seq; Type: SEQUENCE; Schema: public; Owner: auto_ria
--

ALTER TABLE public.django_content_type ALTER COLUMN id ADD GENERATED BY DEFAULT AS IDENTITY (
    SEQUENCE NAME public.django_content_type_id_seq
    START WITH 1
    INCREMENT BY 1
    NO MINVALUE
    NO MAXVALUE
    CACHE 1
);


--
-- Name: django_migrations; Type: TABLE; Schema: public; Owner: auto_ria
--

CREATE TABLE public.django_migrations (
    id bigint NOT NULL,
    app character varying(255) NOT NULL,
    name character varying(255) NOT NULL,
    applied timestamp with time zone NOT NULL
);


ALTER TABLE public.django_migrations OWNER TO auto_ria;

--
-- Name: django_migrations_id_seq; Type: SEQUENCE; Schema: public; Owner: auto_ria
--

ALTER TABLE public.django_migrations ALTER COLUMN id ADD GENERATED BY DEFAULT AS IDENTITY (
    SEQUENCE NAME public.django_migrations_id_seq
    START WITH 1
    INCREMENT BY 1
    NO MINVALUE
    NO MAXVALUE
    CACHE 1
);


--
-- Name: django_session; Type: TABLE; Schema: public; Owner: auto_ria
--

CREATE TABLE public.django_session (
    session_key character varying(40) NOT NULL,
    session_data text NOT NULL,
    expire_date timestamp with time zone NOT NULL
);


ALTER TABLE public.django_session OWNER TO auto_ria;

--
-- Data for Name: auth_group; Type: TABLE DATA; Schema: public; Owner: auto_ria
--

COPY public.auth_group (id, name) FROM stdin;
\.


--
-- Data for Name: auth_group_permissions; Type: TABLE DATA; Schema: public; Owner: auto_ria
--

COPY public.auth_group_permissions (id, group_id, permission_id) FROM stdin;
\.


--
-- Data for Name: auth_permission; Type: TABLE DATA; Schema: public; Owner: auto_ria
--

COPY public.auth_permission (id, name, content_type_id, codename) FROM stdin;
1	Can add log entry	1	add_logentry
2	Can change log entry	1	change_logentry
3	Can delete log entry	1	delete_logentry
4	Can view log entry	1	view_logentry
5	Can add permission	2	add_permission
6	Can change permission	2	change_permission
7	Can delete permission	2	delete_permission
8	Can view permission	2	view_permission
9	Can add group	3	add_group
10	Can change group	3	change_group
11	Can delete group	3	delete_group
12	Can view group	3	view_group
13	Can add user	4	add_user
14	Can change user	4	change_user
15	Can delete user	4	delete_user
16	Can view user	4	view_user
17	Can add content type	5	add_contenttype
18	Can change content type	5	change_contenttype
19	Can delete content type	5	delete_contenttype
20	Can view content type	5	view_contenttype
21	Can add session	6	add_session
22	Can change session	6	change_session
23	Can delete session	6	delete_session
24	Can view session	6	view_session
25	Can add crontab	7	add_crontabschedule
26	Can change crontab	7	change_crontabschedule
27	Can delete crontab	7	delete_crontabschedule
28	Can view crontab	7	view_crontabschedule
29	Can add interval	8	add_intervalschedule
30	Can change interval	8	change_intervalschedule
31	Can delete interval	8	delete_intervalschedule
32	Can view interval	8	view_intervalschedule
33	Can add periodic task	9	add_periodictask
34	Can change periodic task	9	change_periodictask
35	Can delete periodic task	9	delete_periodictask
36	Can view periodic task	9	view_periodictask
37	Can add periodic task track	10	add_periodictasks
38	Can change periodic task track	10	change_periodictasks
39	Can delete periodic task track	10	delete_periodictasks
40	Can view periodic task track	10	view_periodictasks
41	Can add solar event	11	add_solarschedule
42	Can change solar event	11	change_solarschedule
43	Can delete solar event	11	delete_solarschedule
44	Can view solar event	11	view_solarschedule
45	Can add clocked	12	add_clockedschedule
46	Can change clocked	12	change_clockedschedule
47	Can delete clocked	12	delete_clockedschedule
48	Can view clocked	12	view_clockedschedule
49	Can add task result	13	add_taskresult
50	Can change task result	13	change_taskresult
51	Can delete task result	13	delete_taskresult
52	Can view task result	13	view_taskresult
53	Can add chord counter	14	add_chordcounter
54	Can change chord counter	14	change_chordcounter
55	Can delete chord counter	14	delete_chordcounter
56	Can view chord counter	14	view_chordcounter
57	Can add group result	15	add_groupresult
58	Can change group result	15	change_groupresult
59	Can delete group result	15	delete_groupresult
60	Can view group result	15	view_groupresult
61	Can add auto	16	add_auto
62	Can change auto	16	change_auto
63	Can delete auto	16	delete_auto
64	Can view auto	16	view_auto
\.


--
-- Data for Name: auth_user; Type: TABLE DATA; Schema: public; Owner: auto_ria
--

COPY public.auth_user (id, password, last_login, is_superuser, username, first_name, last_name, email, is_staff, is_active, date_joined) FROM stdin;
1	pbkdf2_sha256$1000000$XCEin4YwiTRDBqvdfQqOc4$iXUB/yuCxSKaSEpdcfBzzm11BjTxDONNT4XX0PIUDAI=	2025-06-22 15:44:24.619449+00	t	admin			admin@gmail.com	t	t	2025-06-22 15:44:01.142874+00
\.


--
-- Data for Name: auth_user_groups; Type: TABLE DATA; Schema: public; Owner: auto_ria
--

COPY public.auth_user_groups (id, user_id, group_id) FROM stdin;
\.


--
-- Data for Name: auth_user_user_permissions; Type: TABLE DATA; Schema: public; Owner: auto_ria
--

COPY public.auth_user_user_permissions (id, user_id, permission_id) FROM stdin;
\.


--
-- Data for Name: auto_auto; Type: TABLE DATA; Schema: public; Owner: auto_ria
--

COPY public.auto_auto (id, url, title, price_usd, odometer, username, phone_number, image_url, images_count, car_number, car_vin, datetime_found) FROM stdin;
1	https://auto.ria.com/auto_tesla_model_3_38384234.html	Tesla Model 3 2018	23000	73000	назарий	380939001510	https://cdn0.riastatic.com/photosnew/auto/photo/tesla_model-3__601199055f.jpg	24	BH 0006 YM	5YJ3E1EB7JF187626	2025-06-22 15:49:08.079797+00
2	https://auto.ria.com/auto_land_rover_range_rover_evoque_38472739.html		25000	58000		0		0			2025-06-22 15:49:40.331609+00
4	https://auto.ria.com/auto_bmw_x6_38297705.html	BMW X6 2020	83000	100000	Юрий	380503119599	https://cdn1.riastatic.com/photosnew/auto/photo/bmw_x6__598829136f.jpg	38	AA 6777 EX	WBAGT610X09D16573	2025-06-22 16:02:45.164151+00
5	https://auto.ria.com/auto_tesla_model_y_38067880.html	Tesla Model Y 2023	35400	30000	Игорь	380505743782	https://cdn2.riastatic.com/photosnew/auto/photo/tesla_model-y__603743177f.jpg	24		7SAYGAEE0PF961222	2025-06-22 16:02:53.762659+00
6	https://auto.ria.com/auto_bmw_x6_38475564.html	BMW X6 2011	16500	220000	: «ARTCARS	380990987777	https://cdn3.riastatic.com/photosnew/auto/photo/bmw_x6__603902168f.jpg	23	BH 7979 CC	WBAFG21040L509147	2025-06-22 16:03:02.627125+00
7	https://auto.ria.com/auto_skoda_octavia_38468276.html	Skoda Octavia 2020	18750	223000		380991167777	https://cdn3.riastatic.com/photosnew/auto/photo/skoda_octavia__603815608f.jpg	126	KA 9442 KX	TMBJJ7NXxMYxxxx48	2025-06-22 16:03:12.114438+00
8	https://auto.ria.com/auto_zeekr_001_38098155.html	Zeekr 001 2023	55500	13000	Сергей	380933777333	https://cdn3.riastatic.com/photosnew/auto/photo/zeekr_001__602200238f.jpg	42		L6T79P2NxPPxxxx52	2025-06-22 16:03:21.071871+00
9	https://auto.ria.com/auto_jeep_grand_cherokee_38241543.html	Jeep Grand Cherokee 2020	26999	60000	Антон	380954792704	https://cdn0.riastatic.com/photosnew/auto/photo/jeep_grand-cherokee__602428530f.jpg	24	KA 2073 PE	1C4RJFBG0MC535545	2025-06-22 16:03:29.806989+00
10	https://auto.ria.com/auto_hyundai_santa_fe_38160083.html	Hyundai Santa FE 2012	13900	152000	Максим	380975177929	https://cdn2.riastatic.com/photosnew/auto/photo/hyundai_santa-fe__595043152f.jpg	57	BH 9526 EI	KMHSH81XDCU847508	2025-06-22 16:03:39.281198+00
11	https://auto.ria.com/auto_porsche_cayenne_38460256.html	Porsche Cayenne 2016	47000	225000	Артем	380678884020	https://cdn0.riastatic.com/photosnew/auto/photo/porsche_cayenne__603445280f.jpg	17	KX 0001 OP	WP1ZZZ92ZGLA69742	2025-06-22 16:03:48.121932+00
12	https://auto.ria.com/auto_bmw_7_series_38412784.html	BMW 7 Series 2014	24000	217000	Илья	380977150365	https://cdn4.riastatic.com/photosnew/auto/photo/bmw_7-series__602078384f.jpg	1		WBAYC410x0Dxxxx93	2025-06-22 16:03:56.760444+00
14	https://auto.ria.com/auto_toyota_corolla_38445137.html	Toyota Corolla 2008	9000	109000	Максим	380975177929	https://cdn3.riastatic.com/photosnew/auto/photo/toyota_corolla__603032238f.jpg	59	BH 8126 BX	JTDBR42E389018157	2025-06-22 16:04:15.504654+00
15	https://auto.ria.com/auto_skoda_kodiaq_38305465.html	Skoda Kodiaq 2021	36000	59000	Ксенія	380504163208	https://cdn4.riastatic.com/photosnew/auto/photo/skoda_kodiaq__599035374f.jpg	14	AI 5968 KX	TMBLD6NS5MB401424	2025-06-22 16:04:24.246624+00
19	https://auto.ria.com/auto_bmw_7_series_38471817.html	BMW 7 Series 2016	27900	259000	Avto	380971167707	https://cdn3.riastatic.com/photosnew/auto/photo/bmw_7-series__603785948f.jpg	30	KA 8450 BP	WBA7G810x0Gxxxx89	2025-06-22 16:04:43.543623+00
21	https://auto.ria.com/auto_honda_accord_38462683.html	Honda Accord 2016	15900	238000	Юрій	380664165574	https://cdn1.riastatic.com/photosnew/auto/photo/honda_accord__603516086f.jpg	14	KA 2494 AC	1HGCR2F55HA056699	2025-06-22 16:04:52.14894+00
441	https://auto.ria.com/auto_audi_s5_38397006.html	Audi S5 2017	33000	8000	Petro	380682245835	https://cdn1.riastatic.com/photosnew/auto/photo/audi_s5__601597581f.jpg	33	AO 9993 CH	WAUB4CF53JA063877	2025-06-22 17:55:56.388498+00
25	https://auto.ria.com/auto_volvo_xc90_38402384.html	Volvo XC90 2019	2127100	55000	: «Volvo Car Київ Аеропорт	380936270995	https://cdn3.riastatic.com/photosnew/auto/photo/volvo_xc90__601761668f.jpg	30		YV1LCA3UCL1553816	2025-06-22 16:05:11.093173+00
443	https://auto.ria.com/auto_audi_a6_38010758.html	Audi A6 2006	9200	245000	Andrey	380986820680	https://img.youtube.com/vi/p96-sqW_7AA/default.jpg	30		WAUZZZ4F17N078202	2025-06-22 17:55:58.33862+00
444	https://auto.ria.com/auto_porsche_taycan_38478281.html	Porsche Taycan 2020	63900	39000		380660120498	https://cdn4.riastatic.com/photosnew/auto/photo/porsche_taycan__603983964f.jpg	16	BH 0060 YM	WP0AC2Y14LSA72108	2025-06-22 17:56:08.085048+00
445	https://auto.ria.com/auto_volkswagen_tiguan_38324926.html	Volkswagen Tiguan 2017	17000	108000	Крістіна		https://cdn2.riastatic.com/photosnew/auto/photo/volkswagen_tiguan__599554052f.jpg	19	AO 8001 HH	3VV2B7AX2JM008706	2025-06-22 17:56:09.247621+00
32	https://auto.ria.com/auto_audi_a6_38477001.html	Audi A6 2011	17000	250000	Юрій	380958265266	https://cdn4.riastatic.com/photosnew/auto/photo/audi_a6__603942314f.jpg	22	AT 4815 II	WAUZZZ4G6CN008245	2025-06-22 16:05:42.491098+00
319	https://auto.ria.com/auto_volkswagen_passat_alltrack_38454728.html	Volkswagen Passat 2015 Volkswagen Passat Alltrack 2015 указано продавцом	20900	228000	Олексій	380933152696	https://cdn0.riastatic.com/photosnew/auto/photo/volkswagen_passat-alltrack__603294190f.jpg	29	AM 5691 EI	WVWZZZ3CZGE062563	2025-06-22 16:49:20.821108+00
429	https://auto.ria.com/auto_kia_sportage_38129656.html	Kia Sportage 2019	22500	90000	Dmitry	380955678096	https://cdn0.riastatic.com/photosnew/auto/photo/kia_sportage__594188370f.jpg	18	AI 3666 HE	U5YPH813DKL681932	2025-06-22 17:55:32.918892+00
430	https://auto.ria.com/auto_bmw_5_series_38473007.html	BMW 5 Series 2012	13800	228000	Артур	380933431415	https://cdn1.riastatic.com/photosnew/auto/photo/bmw_5-series__603822276f.jpg	19	AT 1216 HP	WBAXG5C56CDY28725	2025-06-22 17:55:32.932753+00
433	https://auto.ria.com/auto_audi_a6_38403004.html	Audi A6 2019	28500	135000	Тарас		https://cdn1.riastatic.com/photosnew/auto/photo/audi_a6__601783126f.jpg	14	BC 4900 CI	WAUD8AF2XKN130086	2025-06-22 17:55:32.943086+00
434	https://auto.ria.com/auto_mazda_cx_30_38402227.html	Mazda CX-30 2023	23800	10000	Slavik	380679509607	https://cdn2.riastatic.com/photosnew/auto/photo/mazda_cx-30__602755007f.jpg	85		3MVDMBBM6RM640448	2025-06-22 17:55:43.94615+00
436	https://auto.ria.com/auto_audi_s5_37458671.html	Audi S5 2017	32500	75000	: «Порше Центр Дніпро Авто з пробігом		https://cdn1.riastatic.com/photosnew/auto/photo/audi_s5__575507796f.jpg	36	AE 7070 HC	WAUZZZF5XHA020361	2025-06-22 17:55:44.167886+00
437	https://auto.ria.com/auto_hyundai_getz_38476631.html	Hyundai Getz 2004	2400	200000	Андрей	380501038334	https://cdn0.riastatic.com/photosnew/auto/photo/hyundai_getz__603932670f.jpg	28	AA 8511 AC	KMHBT51HP4U200301	2025-06-22 17:55:44.522142+00
439	https://auto.ria.com/auto_audi_q7_38385354.html	Audi Q7 2009	15300	267000	Александр	380980119384	https://cdn0.riastatic.com/photosnew/auto/photo/audi_q7__601227865f.jpg	1	KA 6110 EA	WAUZZZ4L09D025859	2025-06-22 17:55:54.0839+00
440	https://auto.ria.com/auto_kia_niro_38481530.html	Kia Niro 2024	24999	10000	Максим	380637607070	https://cdn3.riastatic.com/photosnew/auto/photo/kia_niro__604071553f.jpg	27	BC 9270 YB	KNDCR3L12R5109133	2025-06-22 17:55:54.69877+00
34	https://auto.ria.com/auto_mitsubishi_outlander_38478359.html	Mitsubishi Outlander 2019	19500	63000	Андрей	380734055004	https://cdn0.riastatic.com/photosnew/auto/photo/mitsubishi_outlander__603985325f.jpg	17	BH 1213 KB	JMBXTGF2WLZ000210	2025-06-22 16:05:50.997525+00
36	https://auto.ria.com/auto_bmw_x7_38462820.html	BMW X7 2020	56000	168000	Анна	380957779980	https://cdn2.riastatic.com/photosnew/auto/photo/bmw_x7__603526882f.jpg	80		WBACW210x09xxxx01	2025-06-22 16:06:00.277948+00
40	https://auto.ria.com/auto_volkswagen_touareg_38320088.html	Volkswagen Touareg 2021	65500	17000		380508883738	https://cdn4.riastatic.com/photosnew/auto/photo/volkswagen_touareg__599424109f.jpg	47	AH 1788 PA	WVGZZZCRZMD026227	2025-06-22 16:06:18.83757+00
45	https://auto.ria.com/auto_volvo_xc90_38444952.html	Volvo XC90 2023	56900	62000	: «Арма Моторс	380673136457	https://cdn1.riastatic.com/photosnew/auto/photo/volvo_xc90__603295711f.jpg	48		YV1LFL1V4P1996389	2025-06-22 16:06:37.781432+00
49	https://auto.ria.com/auto_hyundai_santa_fe_38346116.html	Hyundai Santa FE 2020	31500	69000	Александр	380682882222	https://cdn0.riastatic.com/photosnew/auto/photo/hyundai_santa-fe__601158935f.jpg	76	BH 7883 PI	5NMS44AL0MH315982	2025-06-22 16:06:47.825485+00
52	https://auto.ria.com/auto_toyota_land_cruiser_38460449.html	Toyota Land Cruiser 2016	50400	240000	Кирилл	380777771395	https://cdn1.riastatic.com/photosnew/auto/photo/toyota_land-cruiser__603456796f.jpg	12	KA 0228 MX	JTMCV02J904213865	2025-06-22 16:06:56.759674+00
55	https://auto.ria.com/auto_mercedes_benz_sprinter_38458654.html	Mercedes-Benz Sprinter 2013	30000	680000	Олег	380987045616	https://cdn4.riastatic.com/photosnew/auto/photo/mercedes-benz_sprinter__603407349f.jpg	62		WDB9062551N570946	2025-06-22 16:07:05.701376+00
58	https://auto.ria.com/auto_volvo_xc90_38363245.html	Volvo XC90 2024	62222	17000	Ihor	380981524042	https://cdn4.riastatic.com/photosnew/auto/photo/volvo_xc90__600590299f.jpg	47	KA 1738 MT	YV1LFM1V8S1302849	2025-06-22 16:07:14.487105+00
61	https://auto.ria.com/auto_toyota_land_cruiser_38313797.html	Toyota Land Cruiser 2019	55000	213000	Serhii Bars	380674620162	https://cdn2.riastatic.com/photosnew/auto/photo/toyota_land-cruiser__599268302f.jpg	62		JTMCV02Jx04xxxx63	2025-06-22 16:07:23.39124+00
64	https://auto.ria.com/auto_audi_a6_38321197.html	Audi A6 2018	36100	58000	Александр	380638035596	https://cdn0.riastatic.com/photosnew/auto/photo/audi_a6__599461335f.jpg	19	KA 9401 EX	WAUL2AF26KN024487	2025-06-22 16:07:32.252621+00
67	https://auto.ria.com/auto_audi_q7_38480457.html	Audi Q7 2013	100000	228000			https://cdn3.riastatic.com/photosnew/auto/photo/audi_q7__604043063f.jpg	1	BH 1379 TC	WAUZZZ4L6ED009403	2025-06-22 16:07:40.798407+00
70	https://auto.ria.com/auto_hyundai_tucson_38310718.html	Hyundai Tucson 2021	24750	49000	Сергій	380972909346	https://cdn1.riastatic.com/photosnew/auto/photo/hyundai_tucson__599451346f.jpg	92	KA 5397 PA	TMAJB81DxMJxxxx34	2025-06-22 16:07:49.664147+00
73	https://auto.ria.com/auto_audi_q7_38479140.html	Audi Q7 2015	36500	153000	Коля	380988222507	https://cdn1.riastatic.com/photosnew/auto/photo/audi_q7__604006236f.jpg	26	AA 7517 OH	WAUZZZ4M3GD012920	2025-06-22 16:07:59.086906+00
76	https://auto.ria.com/auto_volvo_xc90_38339008.html	Volvo XC90 2023	2514750	24000	: «Volvo Car Київ Аеропорт	380936270995	https://cdn4.riastatic.com/photosnew/auto/photo/volvo_xc90__600425784f.jpg	23		YV1LFL1V2R1215002	2025-06-22 16:08:07.576895+00
79	https://auto.ria.com/auto_hyundai_santa_fe_37990009.html	Hyundai Santa FE 2013	11400	236000	Slavik	380679509607	https://cdn1.riastatic.com/photosnew/auto/photo/hyundai_santa-fe__599483056f.jpg	51	CA 9403 KI	5XYZT3LBXDG075480	2025-06-22 16:08:16.429532+00
\.


--
-- Data for Name: django_admin_log; Type: TABLE DATA; Schema: public; Owner: auto_ria
--

COPY public.django_admin_log (id, action_time, object_id, object_repr, action_flag, change_message, content_type_id, user_id) FROM stdin;
1	2025-06-22 15:46:55.319858+00	1	every 2 minutes	1	[{"added": {}}]	8	1
2	2025-06-22 15:46:57.356263+00	2	AutoRia: every 2 minutes	1	[{"added": {}}]	9	1
3	2025-06-22 16:21:34.710549+00	1	every 10 minutes	2	[{"changed": {"fields": ["Number of Periods"]}}]	8	1
4	2025-06-22 16:21:37.10168+00	2	AutoRia: every 10 minutes	2	[]	9	1
\.


--
-- Data for Name: django_celery_beat_clockedschedule; Type: TABLE DATA; Schema: public; Owner: auto_ria
--

COPY public.django_celery_beat_clockedschedule (id, clocked_time) FROM stdin;
\.


--
-- Data for Name: django_celery_beat_crontabschedule; Type: TABLE DATA; Schema: public; Owner: auto_ria
--

COPY public.django_celery_beat_crontabschedule (id, minute, hour, day_of_week, day_of_month, month_of_year, timezone) FROM stdin;
1	0	4	*	*	*	Europe/Kyiv
\.


--
-- Data for Name: django_celery_beat_intervalschedule; Type: TABLE DATA; Schema: public; Owner: auto_ria
--

COPY public.django_celery_beat_intervalschedule (id, every, period) FROM stdin;
1	10	minutes
\.


--
-- Data for Name: django_celery_beat_periodictask; Type: TABLE DATA; Schema: public; Owner: auto_ria
--

COPY public.django_celery_beat_periodictask (id, name, task, args, kwargs, queue, exchange, routing_key, expires, enabled, last_run_at, total_run_count, date_changed, description, crontab_id, interval_id, solar_id, one_off, start_time, priority, headers, clocked_id, expire_seconds) FROM stdin;
1	celery.backend_cleanup	celery.backend_cleanup	[]	{}	\N	\N	\N	\N	t	\N	0	2025-06-22 17:50:00.360889+00		1	\N	\N	f	\N	\N	{}	\N	43200
2	AutoRia	auto.tasks.run_sync_with_data	[]	{}	\N	\N	\N	\N	t	2025-06-22 17:55:16.135459+00	16	2025-06-22 17:56:06.470903+00		\N	1	\N	f	\N	\N	{}	\N	\N
\.


--
-- Data for Name: django_celery_beat_periodictasks; Type: TABLE DATA; Schema: public; Owner: auto_ria
--

COPY public.django_celery_beat_periodictasks (ident, last_update) FROM stdin;
1	2025-06-22 17:50:00.361482+00
\.


--
-- Data for Name: django_celery_beat_solarschedule; Type: TABLE DATA; Schema: public; Owner: auto_ria
--

COPY public.django_celery_beat_solarschedule (id, event, latitude, longitude) FROM stdin;
\.


--
-- Data for Name: django_celery_results_chordcounter; Type: TABLE DATA; Schema: public; Owner: auto_ria
--

COPY public.django_celery_results_chordcounter (id, group_id, sub_tasks, count) FROM stdin;
\.


--
-- Data for Name: django_celery_results_groupresult; Type: TABLE DATA; Schema: public; Owner: auto_ria
--

COPY public.django_celery_results_groupresult (id, group_id, date_created, date_done, content_type, content_encoding, result) FROM stdin;
\.


--
-- Data for Name: django_celery_results_taskresult; Type: TABLE DATA; Schema: public; Owner: auto_ria
--

COPY public.django_celery_results_taskresult (id, task_id, status, content_type, content_encoding, result, date_done, traceback, meta, task_args, task_kwargs, task_name, worker, date_created, periodic_task_name, date_started) FROM stdin;
\.


--
-- Data for Name: django_content_type; Type: TABLE DATA; Schema: public; Owner: auto_ria
--

COPY public.django_content_type (id, app_label, model) FROM stdin;
1	admin	logentry
2	auth	permission
3	auth	group
4	auth	user
5	contenttypes	contenttype
6	sessions	session
7	django_celery_beat	crontabschedule
8	django_celery_beat	intervalschedule
9	django_celery_beat	periodictask
10	django_celery_beat	periodictasks
11	django_celery_beat	solarschedule
12	django_celery_beat	clockedschedule
13	django_celery_results	taskresult
14	django_celery_results	chordcounter
15	django_celery_results	groupresult
16	auto	auto
\.


--
-- Data for Name: django_migrations; Type: TABLE DATA; Schema: public; Owner: auto_ria
--

COPY public.django_migrations (id, app, name, applied) FROM stdin;
1	contenttypes	0001_initial	2025-06-22 14:01:37.080838+00
2	auth	0001_initial	2025-06-22 14:01:37.221609+00
3	admin	0001_initial	2025-06-22 14:01:37.263262+00
4	admin	0002_logentry_remove_auto_add	2025-06-22 14:01:37.271988+00
5	admin	0003_logentry_add_action_flag_choices	2025-06-22 14:01:37.280865+00
6	contenttypes	0002_remove_content_type_name	2025-06-22 14:01:37.298221+00
7	auth	0002_alter_permission_name_max_length	2025-06-22 14:01:37.308059+00
8	auth	0003_alter_user_email_max_length	2025-06-22 14:01:37.316232+00
9	auth	0004_alter_user_username_opts	2025-06-22 14:01:37.323125+00
10	auth	0005_alter_user_last_login_null	2025-06-22 14:01:37.33083+00
11	auth	0006_require_contenttypes_0002	2025-06-22 14:01:37.333672+00
12	auth	0007_alter_validators_add_error_messages	2025-06-22 14:01:37.340594+00
13	auth	0008_alter_user_username_max_length	2025-06-22 14:01:37.352974+00
14	auth	0009_alter_user_last_name_max_length	2025-06-22 14:01:37.36052+00
15	auth	0010_alter_group_name_max_length	2025-06-22 14:01:37.37134+00
16	auth	0011_update_proxy_permissions	2025-06-22 14:01:37.378651+00
17	auth	0012_alter_user_first_name_max_length	2025-06-22 14:01:37.386623+00
18	auto	0001_initial	2025-06-22 14:01:37.435196+00
19	auto	0002_alter_auto_car_number_alter_auto_datetime_found_and_more	2025-06-22 14:01:37.455875+00
20	django_celery_beat	0001_initial	2025-06-22 14:01:37.5184+00
21	django_celery_beat	0002_auto_20161118_0346	2025-06-22 14:01:37.541696+00
22	django_celery_beat	0003_auto_20161209_0049	2025-06-22 14:01:37.555388+00
23	django_celery_beat	0004_auto_20170221_0000	2025-06-22 14:01:37.560847+00
24	django_celery_beat	0005_add_solarschedule_events_choices	2025-06-22 14:01:37.566297+00
25	django_celery_beat	0006_auto_20180322_0932	2025-06-22 14:01:37.615438+00
26	django_celery_beat	0007_auto_20180521_0826	2025-06-22 14:01:37.631982+00
27	django_celery_beat	0008_auto_20180914_1922	2025-06-22 14:01:37.662157+00
28	django_celery_beat	0006_auto_20180210_1226	2025-06-22 14:01:37.683459+00
29	django_celery_beat	0006_periodictask_priority	2025-06-22 14:01:37.693247+00
30	django_celery_beat	0009_periodictask_headers	2025-06-22 14:01:37.703492+00
31	django_celery_beat	0010_auto_20190429_0326	2025-06-22 14:01:37.876271+00
32	django_celery_beat	0011_auto_20190508_0153	2025-06-22 14:01:37.91989+00
33	django_celery_beat	0012_periodictask_expire_seconds	2025-06-22 14:01:37.929512+00
34	django_celery_beat	0013_auto_20200609_0727	2025-06-22 14:01:37.940051+00
35	django_celery_beat	0014_remove_clockedschedule_enabled	2025-06-22 14:01:37.944775+00
36	django_celery_beat	0015_edit_solarschedule_events_choices	2025-06-22 14:01:37.948861+00
37	django_celery_beat	0016_alter_crontabschedule_timezone	2025-06-22 14:01:37.959741+00
38	django_celery_beat	0017_alter_crontabschedule_month_of_year	2025-06-22 14:01:37.967999+00
39	django_celery_beat	0018_improve_crontab_helptext	2025-06-22 14:01:37.976292+00
40	django_celery_beat	0019_alter_periodictasks_options	2025-06-22 14:01:37.979364+00
41	django_celery_results	0001_initial	2025-06-22 14:01:38.009627+00
42	django_celery_results	0002_add_task_name_args_kwargs	2025-06-22 14:01:38.018251+00
43	django_celery_results	0003_auto_20181106_1101	2025-06-22 14:01:38.023423+00
44	django_celery_results	0004_auto_20190516_0412	2025-06-22 14:01:38.074647+00
45	django_celery_results	0005_taskresult_worker	2025-06-22 14:01:38.093223+00
46	django_celery_results	0006_taskresult_date_created	2025-06-22 14:01:38.151734+00
47	django_celery_results	0007_remove_taskresult_hidden	2025-06-22 14:01:38.15574+00
48	django_celery_results	0008_chordcounter	2025-06-22 14:01:38.182325+00
49	django_celery_results	0009_groupresult	2025-06-22 14:01:38.302705+00
50	django_celery_results	0010_remove_duplicate_indices	2025-06-22 14:01:38.312685+00
51	django_celery_results	0011_taskresult_periodic_task_name	2025-06-22 14:01:38.318574+00
52	django_celery_results	0012_taskresult_date_started	2025-06-22 14:01:38.324535+00
53	django_celery_results	0013_taskresult_django_cele_periodi_1993cf_idx	2025-06-22 14:01:38.33513+00
54	django_celery_results	0014_alter_taskresult_status	2025-06-22 14:01:38.340675+00
55	sessions	0001_initial	2025-06-22 14:01:38.369769+00
\.


--
-- Data for Name: django_session; Type: TABLE DATA; Schema: public; Owner: auto_ria
--

COPY public.django_session (session_key, session_data, expire_date) FROM stdin;
6eayiff1ie8akltzqwabrjc5pety4qko	.eJxVjDsOwjAQBe_iGln2YrxrSvqcwVr_cAA5UpxUiLuTSCmgfTPz3sLzulS_9jz7MYmr0OL0uwWOz9x2kB7c7pOMU1vmMchdkQftcphSft0O9--gcq9bTRaSAu0oZoBIiGCKYYdWEZuoQi7oNLqLIlfOgQOw4bI1Bi2TRSM-X8ILNyg:1uTMro:a2TLkhYsmCbRkm8e9etcKDBmNtTjspN98ql1uKWmB_8	2025-07-06 15:44:24.633485+00
\.


--
-- Name: auth_group_id_seq; Type: SEQUENCE SET; Schema: public; Owner: auto_ria
--

SELECT pg_catalog.setval('public.auth_group_id_seq', 1, false);


--
-- Name: auth_group_permissions_id_seq; Type: SEQUENCE SET; Schema: public; Owner: auto_ria
--

SELECT pg_catalog.setval('public.auth_group_permissions_id_seq', 1, false);


--
-- Name: auth_permission_id_seq; Type: SEQUENCE SET; Schema: public; Owner: auto_ria
--

SELECT pg_catalog.setval('public.auth_permission_id_seq', 64, true);


--
-- Name: auth_user_groups_id_seq; Type: SEQUENCE SET; Schema: public; Owner: auto_ria
--

SELECT pg_catalog.setval('public.auth_user_groups_id_seq', 1, false);


--
-- Name: auth_user_id_seq; Type: SEQUENCE SET; Schema: public; Owner: auto_ria
--

SELECT pg_catalog.setval('public.auth_user_id_seq', 1, true);


--
-- Name: auth_user_user_permissions_id_seq; Type: SEQUENCE SET; Schema: public; Owner: auto_ria
--

SELECT pg_catalog.setval('public.auth_user_user_permissions_id_seq', 1, false);


--
-- Name: auto_auto_id_seq; Type: SEQUENCE SET; Schema: public; Owner: auto_ria
--

SELECT pg_catalog.setval('public.auto_auto_id_seq', 446, true);


--
-- Name: django_admin_log_id_seq; Type: SEQUENCE SET; Schema: public; Owner: auto_ria
--

SELECT pg_catalog.setval('public.django_admin_log_id_seq', 4, true);


--
-- Name: django_celery_beat_clockedschedule_id_seq; Type: SEQUENCE SET; Schema: public; Owner: auto_ria
--

SELECT pg_catalog.setval('public.django_celery_beat_clockedschedule_id_seq', 1, false);


--
-- Name: django_celery_beat_crontabschedule_id_seq; Type: SEQUENCE SET; Schema: public; Owner: auto_ria
--

SELECT pg_catalog.setval('public.django_celery_beat_crontabschedule_id_seq', 1, true);


--
-- Name: django_celery_beat_intervalschedule_id_seq; Type: SEQUENCE SET; Schema: public; Owner: auto_ria
--

SELECT pg_catalog.setval('public.django_celery_beat_intervalschedule_id_seq', 1, true);


--
-- Name: django_celery_beat_periodictask_id_seq; Type: SEQUENCE SET; Schema: public; Owner: auto_ria
--

SELECT pg_catalog.setval('public.django_celery_beat_periodictask_id_seq', 2, true);


--
-- Name: django_celery_beat_solarschedule_id_seq; Type: SEQUENCE SET; Schema: public; Owner: auto_ria
--

SELECT pg_catalog.setval('public.django_celery_beat_solarschedule_id_seq', 1, false);


--
-- Name: django_celery_results_chordcounter_id_seq; Type: SEQUENCE SET; Schema: public; Owner: auto_ria
--

SELECT pg_catalog.setval('public.django_celery_results_chordcounter_id_seq', 1, false);


--
-- Name: django_celery_results_groupresult_id_seq; Type: SEQUENCE SET; Schema: public; Owner: auto_ria
--

SELECT pg_catalog.setval('public.django_celery_results_groupresult_id_seq', 1, false);


--
-- Name: django_celery_results_taskresult_id_seq; Type: SEQUENCE SET; Schema: public; Owner: auto_ria
--

SELECT pg_catalog.setval('public.django_celery_results_taskresult_id_seq', 1, false);


--
-- Name: django_content_type_id_seq; Type: SEQUENCE SET; Schema: public; Owner: auto_ria
--

SELECT pg_catalog.setval('public.django_content_type_id_seq', 16, true);


--
-- Name: django_migrations_id_seq; Type: SEQUENCE SET; Schema: public; Owner: auto_ria
--

SELECT pg_catalog.setval('public.django_migrations_id_seq', 55, true);


--
-- Name: auth_group auth_group_name_key; Type: CONSTRAINT; Schema: public; Owner: auto_ria
--

ALTER TABLE ONLY public.auth_group
    ADD CONSTRAINT auth_group_name_key UNIQUE (name);


--
-- Name: auth_group_permissions auth_group_permissions_group_id_permission_id_0cd325b0_uniq; Type: CONSTRAINT; Schema: public; Owner: auto_ria
--

ALTER TABLE ONLY public.auth_group_permissions
    ADD CONSTRAINT auth_group_permissions_group_id_permission_id_0cd325b0_uniq UNIQUE (group_id, permission_id);


--
-- Name: auth_group_permissions auth_group_permissions_pkey; Type: CONSTRAINT; Schema: public; Owner: auto_ria
--

ALTER TABLE ONLY public.auth_group_permissions
    ADD CONSTRAINT auth_group_permissions_pkey PRIMARY KEY (id);


--
-- Name: auth_group auth_group_pkey; Type: CONSTRAINT; Schema: public; Owner: auto_ria
--

ALTER TABLE ONLY public.auth_group
    ADD CONSTRAINT auth_group_pkey PRIMARY KEY (id);


--
-- Name: auth_permission auth_permission_content_type_id_codename_01ab375a_uniq; Type: CONSTRAINT; Schema: public; Owner: auto_ria
--

ALTER TABLE ONLY public.auth_permission
    ADD CONSTRAINT auth_permission_content_type_id_codename_01ab375a_uniq UNIQUE (content_type_id, codename);


--
-- Name: auth_permission auth_permission_pkey; Type: CONSTRAINT; Schema: public; Owner: auto_ria
--

ALTER TABLE ONLY public.auth_permission
    ADD CONSTRAINT auth_permission_pkey PRIMARY KEY (id);


--
-- Name: auth_user_groups auth_user_groups_pkey; Type: CONSTRAINT; Schema: public; Owner: auto_ria
--

ALTER TABLE ONLY public.auth_user_groups
    ADD CONSTRAINT auth_user_groups_pkey PRIMARY KEY (id);


--
-- Name: auth_user_groups auth_user_groups_user_id_group_id_94350c0c_uniq; Type: CONSTRAINT; Schema: public; Owner: auto_ria
--

ALTER TABLE ONLY public.auth_user_groups
    ADD CONSTRAINT auth_user_groups_user_id_group_id_94350c0c_uniq UNIQUE (user_id, group_id);


--
-- Name: auth_user auth_user_pkey; Type: CONSTRAINT; Schema: public; Owner: auto_ria
--

ALTER TABLE ONLY public.auth_user
    ADD CONSTRAINT auth_user_pkey PRIMARY KEY (id);


--
-- Name: auth_user_user_permissions auth_user_user_permissions_pkey; Type: CONSTRAINT; Schema: public; Owner: auto_ria
--

ALTER TABLE ONLY public.auth_user_user_permissions
    ADD CONSTRAINT auth_user_user_permissions_pkey PRIMARY KEY (id);


--
-- Name: auth_user_user_permissions auth_user_user_permissions_user_id_permission_id_14a6b632_uniq; Type: CONSTRAINT; Schema: public; Owner: auto_ria
--

ALTER TABLE ONLY public.auth_user_user_permissions
    ADD CONSTRAINT auth_user_user_permissions_user_id_permission_id_14a6b632_uniq UNIQUE (user_id, permission_id);


--
-- Name: auth_user auth_user_username_key; Type: CONSTRAINT; Schema: public; Owner: auto_ria
--

ALTER TABLE ONLY public.auth_user
    ADD CONSTRAINT auth_user_username_key UNIQUE (username);


--
-- Name: auto_auto auto_auto_car_number_car_vin_b8183387_uniq; Type: CONSTRAINT; Schema: public; Owner: auto_ria
--

ALTER TABLE ONLY public.auto_auto
    ADD CONSTRAINT auto_auto_car_number_car_vin_b8183387_uniq UNIQUE (car_number, car_vin);


--
-- Name: auto_auto auto_auto_image_url_key; Type: CONSTRAINT; Schema: public; Owner: auto_ria
--

ALTER TABLE ONLY public.auto_auto
    ADD CONSTRAINT auto_auto_image_url_key UNIQUE (image_url);


--
-- Name: auto_auto auto_auto_pkey; Type: CONSTRAINT; Schema: public; Owner: auto_ria
--

ALTER TABLE ONLY public.auto_auto
    ADD CONSTRAINT auto_auto_pkey PRIMARY KEY (id);


--
-- Name: auto_auto auto_auto_url_key; Type: CONSTRAINT; Schema: public; Owner: auto_ria
--

ALTER TABLE ONLY public.auto_auto
    ADD CONSTRAINT auto_auto_url_key UNIQUE (url);


--
-- Name: django_admin_log django_admin_log_pkey; Type: CONSTRAINT; Schema: public; Owner: auto_ria
--

ALTER TABLE ONLY public.django_admin_log
    ADD CONSTRAINT django_admin_log_pkey PRIMARY KEY (id);


--
-- Name: django_celery_beat_clockedschedule django_celery_beat_clockedschedule_pkey; Type: CONSTRAINT; Schema: public; Owner: auto_ria
--

ALTER TABLE ONLY public.django_celery_beat_clockedschedule
    ADD CONSTRAINT django_celery_beat_clockedschedule_pkey PRIMARY KEY (id);


--
-- Name: django_celery_beat_crontabschedule django_celery_beat_crontabschedule_pkey; Type: CONSTRAINT; Schema: public; Owner: auto_ria
--

ALTER TABLE ONLY public.django_celery_beat_crontabschedule
    ADD CONSTRAINT django_celery_beat_crontabschedule_pkey PRIMARY KEY (id);


--
-- Name: django_celery_beat_intervalschedule django_celery_beat_intervalschedule_pkey; Type: CONSTRAINT; Schema: public; Owner: auto_ria
--

ALTER TABLE ONLY public.django_celery_beat_intervalschedule
    ADD CONSTRAINT django_celery_beat_intervalschedule_pkey PRIMARY KEY (id);


--
-- Name: django_celery_beat_periodictask django_celery_beat_periodictask_name_key; Type: CONSTRAINT; Schema: public; Owner: auto_ria
--

ALTER TABLE ONLY public.django_celery_beat_periodictask
    ADD CONSTRAINT django_celery_beat_periodictask_name_key UNIQUE (name);


--
-- Name: django_celery_beat_periodictask django_celery_beat_periodictask_pkey; Type: CONSTRAINT; Schema: public; Owner: auto_ria
--

ALTER TABLE ONLY public.django_celery_beat_periodictask
    ADD CONSTRAINT django_celery_beat_periodictask_pkey PRIMARY KEY (id);


--
-- Name: django_celery_beat_periodictasks django_celery_beat_periodictasks_pkey; Type: CONSTRAINT; Schema: public; Owner: auto_ria
--

ALTER TABLE ONLY public.django_celery_beat_periodictasks
    ADD CONSTRAINT django_celery_beat_periodictasks_pkey PRIMARY KEY (ident);


--
-- Name: django_celery_beat_solarschedule django_celery_beat_solar_event_latitude_longitude_ba64999a_uniq; Type: CONSTRAINT; Schema: public; Owner: auto_ria
--

ALTER TABLE ONLY public.django_celery_beat_solarschedule
    ADD CONSTRAINT django_celery_beat_solar_event_latitude_longitude_ba64999a_uniq UNIQUE (event, latitude, longitude);


--
-- Name: django_celery_beat_solarschedule django_celery_beat_solarschedule_pkey; Type: CONSTRAINT; Schema: public; Owner: auto_ria
--

ALTER TABLE ONLY public.django_celery_beat_solarschedule
    ADD CONSTRAINT django_celery_beat_solarschedule_pkey PRIMARY KEY (id);


--
-- Name: django_celery_results_chordcounter django_celery_results_chordcounter_group_id_key; Type: CONSTRAINT; Schema: public; Owner: auto_ria
--

ALTER TABLE ONLY public.django_celery_results_chordcounter
    ADD CONSTRAINT django_celery_results_chordcounter_group_id_key UNIQUE (group_id);


--
-- Name: django_celery_results_chordcounter django_celery_results_chordcounter_pkey; Type: CONSTRAINT; Schema: public; Owner: auto_ria
--

ALTER TABLE ONLY public.django_celery_results_chordcounter
    ADD CONSTRAINT django_celery_results_chordcounter_pkey PRIMARY KEY (id);


--
-- Name: django_celery_results_groupresult django_celery_results_groupresult_group_id_key; Type: CONSTRAINT; Schema: public; Owner: auto_ria
--

ALTER TABLE ONLY public.django_celery_results_groupresult
    ADD CONSTRAINT django_celery_results_groupresult_group_id_key UNIQUE (group_id);


--
-- Name: django_celery_results_groupresult django_celery_results_groupresult_pkey; Type: CONSTRAINT; Schema: public; Owner: auto_ria
--

ALTER TABLE ONLY public.django_celery_results_groupresult
    ADD CONSTRAINT django_celery_results_groupresult_pkey PRIMARY KEY (id);


--
-- Name: django_celery_results_taskresult django_celery_results_taskresult_pkey; Type: CONSTRAINT; Schema: public; Owner: auto_ria
--

ALTER TABLE ONLY public.django_celery_results_taskresult
    ADD CONSTRAINT django_celery_results_taskresult_pkey PRIMARY KEY (id);


--
-- Name: django_celery_results_taskresult django_celery_results_taskresult_task_id_key; Type: CONSTRAINT; Schema: public; Owner: auto_ria
--

ALTER TABLE ONLY public.django_celery_results_taskresult
    ADD CONSTRAINT django_celery_results_taskresult_task_id_key UNIQUE (task_id);


--
-- Name: django_content_type django_content_type_app_label_model_76bd3d3b_uniq; Type: CONSTRAINT; Schema: public; Owner: auto_ria
--

ALTER TABLE ONLY public.django_content_type
    ADD CONSTRAINT django_content_type_app_label_model_76bd3d3b_uniq UNIQUE (app_label, model);


--
-- Name: django_content_type django_content_type_pkey; Type: CONSTRAINT; Schema: public; Owner: auto_ria
--

ALTER TABLE ONLY public.django_content_type
    ADD CONSTRAINT django_content_type_pkey PRIMARY KEY (id);


--
-- Name: django_migrations django_migrations_pkey; Type: CONSTRAINT; Schema: public; Owner: auto_ria
--

ALTER TABLE ONLY public.django_migrations
    ADD CONSTRAINT django_migrations_pkey PRIMARY KEY (id);


--
-- Name: django_session django_session_pkey; Type: CONSTRAINT; Schema: public; Owner: auto_ria
--

ALTER TABLE ONLY public.django_session
    ADD CONSTRAINT django_session_pkey PRIMARY KEY (session_key);


--
-- Name: auth_group_name_a6ea08ec_like; Type: INDEX; Schema: public; Owner: auto_ria
--

CREATE INDEX auth_group_name_a6ea08ec_like ON public.auth_group USING btree (name varchar_pattern_ops);


--
-- Name: auth_group_permissions_group_id_b120cbf9; Type: INDEX; Schema: public; Owner: auto_ria
--

CREATE INDEX auth_group_permissions_group_id_b120cbf9 ON public.auth_group_permissions USING btree (group_id);


--
-- Name: auth_group_permissions_permission_id_84c5c92e; Type: INDEX; Schema: public; Owner: auto_ria
--

CREATE INDEX auth_group_permissions_permission_id_84c5c92e ON public.auth_group_permissions USING btree (permission_id);


--
-- Name: auth_permission_content_type_id_2f476e4b; Type: INDEX; Schema: public; Owner: auto_ria
--

CREATE INDEX auth_permission_content_type_id_2f476e4b ON public.auth_permission USING btree (content_type_id);


--
-- Name: auth_user_groups_group_id_97559544; Type: INDEX; Schema: public; Owner: auto_ria
--

CREATE INDEX auth_user_groups_group_id_97559544 ON public.auth_user_groups USING btree (group_id);


--
-- Name: auth_user_groups_user_id_6a12ed8b; Type: INDEX; Schema: public; Owner: auto_ria
--

CREATE INDEX auth_user_groups_user_id_6a12ed8b ON public.auth_user_groups USING btree (user_id);


--
-- Name: auth_user_user_permissions_permission_id_1fbb5f2c; Type: INDEX; Schema: public; Owner: auto_ria
--

CREATE INDEX auth_user_user_permissions_permission_id_1fbb5f2c ON public.auth_user_user_permissions USING btree (permission_id);


--
-- Name: auth_user_user_permissions_user_id_a95ead1b; Type: INDEX; Schema: public; Owner: auto_ria
--

CREATE INDEX auth_user_user_permissions_user_id_a95ead1b ON public.auth_user_user_permissions USING btree (user_id);


--
-- Name: auth_user_username_6821ab7c_like; Type: INDEX; Schema: public; Owner: auto_ria
--

CREATE INDEX auth_user_username_6821ab7c_like ON public.auth_user USING btree (username varchar_pattern_ops);


--
-- Name: auto_auto_image_url_17aa9a56_like; Type: INDEX; Schema: public; Owner: auto_ria
--

CREATE INDEX auto_auto_image_url_17aa9a56_like ON public.auto_auto USING btree (image_url varchar_pattern_ops);


--
-- Name: auto_auto_url_a08ca0d0_like; Type: INDEX; Schema: public; Owner: auto_ria
--

CREATE INDEX auto_auto_url_a08ca0d0_like ON public.auto_auto USING btree (url varchar_pattern_ops);


--
-- Name: django_admin_log_content_type_id_c4bce8eb; Type: INDEX; Schema: public; Owner: auto_ria
--

CREATE INDEX django_admin_log_content_type_id_c4bce8eb ON public.django_admin_log USING btree (content_type_id);


--
-- Name: django_admin_log_user_id_c564eba6; Type: INDEX; Schema: public; Owner: auto_ria
--

CREATE INDEX django_admin_log_user_id_c564eba6 ON public.django_admin_log USING btree (user_id);


--
-- Name: django_cele_date_cr_bd6c1d_idx; Type: INDEX; Schema: public; Owner: auto_ria
--

CREATE INDEX django_cele_date_cr_bd6c1d_idx ON public.django_celery_results_groupresult USING btree (date_created);


--
-- Name: django_cele_date_cr_f04a50_idx; Type: INDEX; Schema: public; Owner: auto_ria
--

CREATE INDEX django_cele_date_cr_f04a50_idx ON public.django_celery_results_taskresult USING btree (date_created);


--
-- Name: django_cele_date_do_caae0e_idx; Type: INDEX; Schema: public; Owner: auto_ria
--

CREATE INDEX django_cele_date_do_caae0e_idx ON public.django_celery_results_groupresult USING btree (date_done);


--
-- Name: django_cele_date_do_f59aad_idx; Type: INDEX; Schema: public; Owner: auto_ria
--

CREATE INDEX django_cele_date_do_f59aad_idx ON public.django_celery_results_taskresult USING btree (date_done);


--
-- Name: django_cele_periodi_1993cf_idx; Type: INDEX; Schema: public; Owner: auto_ria
--

CREATE INDEX django_cele_periodi_1993cf_idx ON public.django_celery_results_taskresult USING btree (periodic_task_name);


--
-- Name: django_cele_status_9b6201_idx; Type: INDEX; Schema: public; Owner: auto_ria
--

CREATE INDEX django_cele_status_9b6201_idx ON public.django_celery_results_taskresult USING btree (status);


--
-- Name: django_cele_task_na_08aec9_idx; Type: INDEX; Schema: public; Owner: auto_ria
--

CREATE INDEX django_cele_task_na_08aec9_idx ON public.django_celery_results_taskresult USING btree (task_name);


--
-- Name: django_cele_worker_d54dd8_idx; Type: INDEX; Schema: public; Owner: auto_ria
--

CREATE INDEX django_cele_worker_d54dd8_idx ON public.django_celery_results_taskresult USING btree (worker);


--
-- Name: django_celery_beat_periodictask_clocked_id_47a69f82; Type: INDEX; Schema: public; Owner: auto_ria
--

CREATE INDEX django_celery_beat_periodictask_clocked_id_47a69f82 ON public.django_celery_beat_periodictask USING btree (clocked_id);


--
-- Name: django_celery_beat_periodictask_crontab_id_d3cba168; Type: INDEX; Schema: public; Owner: auto_ria
--

CREATE INDEX django_celery_beat_periodictask_crontab_id_d3cba168 ON public.django_celery_beat_periodictask USING btree (crontab_id);


--
-- Name: django_celery_beat_periodictask_interval_id_a8ca27da; Type: INDEX; Schema: public; Owner: auto_ria
--

CREATE INDEX django_celery_beat_periodictask_interval_id_a8ca27da ON public.django_celery_beat_periodictask USING btree (interval_id);


--
-- Name: django_celery_beat_periodictask_name_265a36b7_like; Type: INDEX; Schema: public; Owner: auto_ria
--

CREATE INDEX django_celery_beat_periodictask_name_265a36b7_like ON public.django_celery_beat_periodictask USING btree (name varchar_pattern_ops);


--
-- Name: django_celery_beat_periodictask_solar_id_a87ce72c; Type: INDEX; Schema: public; Owner: auto_ria
--

CREATE INDEX django_celery_beat_periodictask_solar_id_a87ce72c ON public.django_celery_beat_periodictask USING btree (solar_id);


--
-- Name: django_celery_results_chordcounter_group_id_1f70858c_like; Type: INDEX; Schema: public; Owner: auto_ria
--

CREATE INDEX django_celery_results_chordcounter_group_id_1f70858c_like ON public.django_celery_results_chordcounter USING btree (group_id varchar_pattern_ops);


--
-- Name: django_celery_results_groupresult_group_id_a085f1a9_like; Type: INDEX; Schema: public; Owner: auto_ria
--

CREATE INDEX django_celery_results_groupresult_group_id_a085f1a9_like ON public.django_celery_results_groupresult USING btree (group_id varchar_pattern_ops);


--
-- Name: django_celery_results_taskresult_task_id_de0d95bf_like; Type: INDEX; Schema: public; Owner: auto_ria
--

CREATE INDEX django_celery_results_taskresult_task_id_de0d95bf_like ON public.django_celery_results_taskresult USING btree (task_id varchar_pattern_ops);


--
-- Name: django_session_expire_date_a5c62663; Type: INDEX; Schema: public; Owner: auto_ria
--

CREATE INDEX django_session_expire_date_a5c62663 ON public.django_session USING btree (expire_date);


--
-- Name: django_session_session_key_c0390e0f_like; Type: INDEX; Schema: public; Owner: auto_ria
--

CREATE INDEX django_session_session_key_c0390e0f_like ON public.django_session USING btree (session_key varchar_pattern_ops);


--
-- Name: auth_group_permissions auth_group_permissio_permission_id_84c5c92e_fk_auth_perm; Type: FK CONSTRAINT; Schema: public; Owner: auto_ria
--

ALTER TABLE ONLY public.auth_group_permissions
    ADD CONSTRAINT auth_group_permissio_permission_id_84c5c92e_fk_auth_perm FOREIGN KEY (permission_id) REFERENCES public.auth_permission(id) DEFERRABLE INITIALLY DEFERRED;


--
-- Name: auth_group_permissions auth_group_permissions_group_id_b120cbf9_fk_auth_group_id; Type: FK CONSTRAINT; Schema: public; Owner: auto_ria
--

ALTER TABLE ONLY public.auth_group_permissions
    ADD CONSTRAINT auth_group_permissions_group_id_b120cbf9_fk_auth_group_id FOREIGN KEY (group_id) REFERENCES public.auth_group(id) DEFERRABLE INITIALLY DEFERRED;


--
-- Name: auth_permission auth_permission_content_type_id_2f476e4b_fk_django_co; Type: FK CONSTRAINT; Schema: public; Owner: auto_ria
--

ALTER TABLE ONLY public.auth_permission
    ADD CONSTRAINT auth_permission_content_type_id_2f476e4b_fk_django_co FOREIGN KEY (content_type_id) REFERENCES public.django_content_type(id) DEFERRABLE INITIALLY DEFERRED;


--
-- Name: auth_user_groups auth_user_groups_group_id_97559544_fk_auth_group_id; Type: FK CONSTRAINT; Schema: public; Owner: auto_ria
--

ALTER TABLE ONLY public.auth_user_groups
    ADD CONSTRAINT auth_user_groups_group_id_97559544_fk_auth_group_id FOREIGN KEY (group_id) REFERENCES public.auth_group(id) DEFERRABLE INITIALLY DEFERRED;


--
-- Name: auth_user_groups auth_user_groups_user_id_6a12ed8b_fk_auth_user_id; Type: FK CONSTRAINT; Schema: public; Owner: auto_ria
--

ALTER TABLE ONLY public.auth_user_groups
    ADD CONSTRAINT auth_user_groups_user_id_6a12ed8b_fk_auth_user_id FOREIGN KEY (user_id) REFERENCES public.auth_user(id) DEFERRABLE INITIALLY DEFERRED;


--
-- Name: auth_user_user_permissions auth_user_user_permi_permission_id_1fbb5f2c_fk_auth_perm; Type: FK CONSTRAINT; Schema: public; Owner: auto_ria
--

ALTER TABLE ONLY public.auth_user_user_permissions
    ADD CONSTRAINT auth_user_user_permi_permission_id_1fbb5f2c_fk_auth_perm FOREIGN KEY (permission_id) REFERENCES public.auth_permission(id) DEFERRABLE INITIALLY DEFERRED;


--
-- Name: auth_user_user_permissions auth_user_user_permissions_user_id_a95ead1b_fk_auth_user_id; Type: FK CONSTRAINT; Schema: public; Owner: auto_ria
--

ALTER TABLE ONLY public.auth_user_user_permissions
    ADD CONSTRAINT auth_user_user_permissions_user_id_a95ead1b_fk_auth_user_id FOREIGN KEY (user_id) REFERENCES public.auth_user(id) DEFERRABLE INITIALLY DEFERRED;


--
-- Name: django_admin_log django_admin_log_content_type_id_c4bce8eb_fk_django_co; Type: FK CONSTRAINT; Schema: public; Owner: auto_ria
--

ALTER TABLE ONLY public.django_admin_log
    ADD CONSTRAINT django_admin_log_content_type_id_c4bce8eb_fk_django_co FOREIGN KEY (content_type_id) REFERENCES public.django_content_type(id) DEFERRABLE INITIALLY DEFERRED;


--
-- Name: django_admin_log django_admin_log_user_id_c564eba6_fk_auth_user_id; Type: FK CONSTRAINT; Schema: public; Owner: auto_ria
--

ALTER TABLE ONLY public.django_admin_log
    ADD CONSTRAINT django_admin_log_user_id_c564eba6_fk_auth_user_id FOREIGN KEY (user_id) REFERENCES public.auth_user(id) DEFERRABLE INITIALLY DEFERRED;


--
-- Name: django_celery_beat_periodictask django_celery_beat_p_clocked_id_47a69f82_fk_django_ce; Type: FK CONSTRAINT; Schema: public; Owner: auto_ria
--

ALTER TABLE ONLY public.django_celery_beat_periodictask
    ADD CONSTRAINT django_celery_beat_p_clocked_id_47a69f82_fk_django_ce FOREIGN KEY (clocked_id) REFERENCES public.django_celery_beat_clockedschedule(id) DEFERRABLE INITIALLY DEFERRED;


--
-- Name: django_celery_beat_periodictask django_celery_beat_p_crontab_id_d3cba168_fk_django_ce; Type: FK CONSTRAINT; Schema: public; Owner: auto_ria
--

ALTER TABLE ONLY public.django_celery_beat_periodictask
    ADD CONSTRAINT django_celery_beat_p_crontab_id_d3cba168_fk_django_ce FOREIGN KEY (crontab_id) REFERENCES public.django_celery_beat_crontabschedule(id) DEFERRABLE INITIALLY DEFERRED;


--
-- Name: django_celery_beat_periodictask django_celery_beat_p_interval_id_a8ca27da_fk_django_ce; Type: FK CONSTRAINT; Schema: public; Owner: auto_ria
--

ALTER TABLE ONLY public.django_celery_beat_periodictask
    ADD CONSTRAINT django_celery_beat_p_interval_id_a8ca27da_fk_django_ce FOREIGN KEY (interval_id) REFERENCES public.django_celery_beat_intervalschedule(id) DEFERRABLE INITIALLY DEFERRED;


--
-- Name: django_celery_beat_periodictask django_celery_beat_p_solar_id_a87ce72c_fk_django_ce; Type: FK CONSTRAINT; Schema: public; Owner: auto_ria
--

ALTER TABLE ONLY public.django_celery_beat_periodictask
    ADD CONSTRAINT django_celery_beat_p_solar_id_a87ce72c_fk_django_ce FOREIGN KEY (solar_id) REFERENCES public.django_celery_beat_solarschedule(id) DEFERRABLE INITIALLY DEFERRED;


--
-- PostgreSQL database dump complete
--

